estacao_ano,uso_horario_pico,quantidade_equipamentos,tipo_predominante,tecnologia_predominante,estado_borracha,consumo_teorico_estimado_kwh,consumo_real_kwh,categoria_eficiencia
Inverno,Medio,6,Exibicao,Convencional,Integra,727.2,651.29,Moderado
Primavera,Baixo,7,Exibicao,Convencional,Integra,1119.6,1155.3,Eficiente
Verao,Alto,7,Exibicao,Convencional,Gasta,1287.0,2213.09,Ineficiente
Inverno,Alto,3,Exibicao,Inverter,Gasta,484.2,547.93,Ineficiente
Inverno,Alto,4,Exibicao,Inverter,Integra,453.6,511.47,Moderado
Primavera,Alto,10,Exibicao,Convencional,Integra,1355.4,1656.62,Ineficiente
Verao,Alto,7,Exibicao,Inverter,Integra,838.8,1361.71,Ineficiente
Verao,Alto,10,Armazenamento,Convencional,Gasta,1236.6,1804.11,Ineficiente
Inverno,Alto,8,Exibicao,Convencional,Gasta,1260.0,1475.99,Ineficiente
Outono,Medio,7,Exibicao,Convencional,Integra,964.8,1059.76,Moderado
Inverno,Baixo,5,Exibicao,Convencional,Integra,822.6,715.9,Eficiente
Inverno,Alto,4,Exibicao,Inverter,Integra,471.6,541.27,Moderado
Inverno,Medio,5,Exibicao,Convencional,Integra,765.0,648.76,Moderado
Inverno,Medio,10,Exibicao,Convencional,Gasta,1521.0,1554.6,Moderado
Primavera,Baixo,10,Exibicao,Convencional,Integra,1423.8,1382.14,Eficiente
Verao,Alto,4,Exibicao,Inverter,Gasta,588.6,898.72,Ineficiente
Primavera,Baixo,10,Armazenamento,Convencional,Integra,1366.2,1270.65,Eficiente
Primavera,Alto,5,Armazenamento,Inverter,Integra,525.6,707.44,Ineficiente
Primavera,Medio,7,Exibicao,Inverter,Integra,948.6,1119.7,Moderado
Inverno,Medio,7,Armazenamento,Inverter,Integra,774.0,659.02,Moderado
Outono,Medio,3,Exibicao,Convencional,Gasta,513.0,517.72,Moderado
Verao,Medio,8,Exibicao,Convencional,Gasta,1134.0,1687.32,Ineficiente
Outono,Baixo,10,Exibicao,Inverter,Integra,1422.0,1316.55,Eficiente
Primavera,Alto,5,Exibicao,Convencional,Gasta,765.0,986.1,Ineficiente
Primavera,Alto,10,Armazenamento,Inverter,Gasta,1236.6,1593.63,Ineficiente
Outono,Baixo,10,Exibicao,Convencional,Integra,1398.6,1493.35,Eficiente
Outono,Alto,6,Exibicao,Convencional,Integra,777.6,993.33,Ineficiente
Outono,Medio,3,Exibicao,Convencional,Gasta,450.0,489.89,Moderado
Primavera,Alto,5,Armazenamento,Convencional,Integra,540.0,741.88,Ineficiente
Primavera,Medio,5,Exibicao,Inverter,Gasta,774.0,809.26,Moderado
Verao,Baixo,10,Exibicao,Convencional,Integra,1488.6,1772.21,Moderado
Verao,Alto,3,Armazenamento,Convencional,Integra,360.0,522.16,Ineficiente
Primavera,Baixo,7,Exibicao,Convencional,Integra,1065.6,1159.17,Eficiente
Outono,Alto,5,Exibicao,Inverter,Gasta,691.2,905.14,Ineficiente
Outono,Medio,7,Exibicao,Convencional,Gasta,1101.6,1101.64,Moderado
Verao,Baixo,3,Armazenamento,Convencional,Gasta,378.0,489.66,Ineficiente
Primavera,Alto,7,Armazenamento,Inverter,Gasta,882.0,1091.03,Ineficiente
Verao,Medio,4,Exibicao,Convencional,Integra,534.6,802.36,Moderado
Verao,Baixo,6,Exibicao,Convencional,Integra,856.8,1023.02,Moderado
Inverno,Baixo,9,Exibicao,Convencional,Gasta,1386.0,1222.23,Moderado
Inverno,Alto,5,Exibicao,Convencional,Integra,844.2,926.08,Moderado
Inverno,Alto,8,Exibicao,Convencional,Gasta,1209.6,1175.08,Ineficiente
Outono,Alto,6,Exibicao,Convencional,Integra,810.0,1095.49,Ineficiente
Primavera,Medio,9,Exibicao,Convencional,Gasta,1476.0,1515.58,Moderado
Primavera,Alto,7,Exibicao,Convencional,Integra,1071.0,1391.51,Ineficiente
Primavera,Baixo,5,Armazenamento,Inverter,Gasta,561.6,589.6,Moderado
Primavera,Baixo,7,Armazenamento,Convencional,Integra,945.0,966.15,Eficiente
Inverno,Alto,4,Exibicao,Convencional,Integra,489.6,484.12,Moderado
Outono,Alto,3,Exibicao,Inverter,Gasta,444.6,610.9,Ineficiente
Outono,Baixo,5,Armazenamento,Inverter,Gasta,612.0,579.87,Moderado
Inverno,Medio,9,Exibicao,Convencional,Gasta,1380.6,1325.31,Moderado
Outono,Alto,9,Armazenamento,Inverter,Integra,1090.8,1452.21,Ineficiente
Inverno,Alto,4,Exibicao,Convencional,Gasta,630.0,731.18,Ineficiente
Primavera,Baixo,4,Exibicao,Convencional,Integra,504.0,512.7,Eficiente
Inverno,Alto,10,Armazenamento,Convencional,Integra,1254.6,1282.01,Moderado
Primavera,Medio,5,Exibicao,Convencional,Integra,894.6,1049.54,Moderado
Primavera,Baixo,7,Armazenamento,Convencional,Integra,948.6,885.53,Eficiente
Verao,Alto,8,Armazenamento,Convencional,Integra,1020.6,1461.18,Ineficiente
Inverno,Baixo,9,Armazenamento,Convencional,Integra,1119.6,1023.08,Eficiente
Verao,Alto,9,Exibicao,Convencional,Gasta,1416.6,2263.18,Ineficiente
Inverno,Alto,4,Exibicao,Convencional,Integra,642.6,631.81,Moderado
Inverno,Alto,6,Exibicao,Convencional,Integra,759.6,825.89,Moderado
Verao,Medio,4,Armazenamento,Convencional,Integra,486.0,624.48,Moderado
Verao,Medio,8,Exibicao,Convencional,Integra,1296.0,1626.63,Moderado
Inverno,Baixo,7,Armazenamento,Convencional,Integra,876.6,688.96,Eficiente
Outono,Alto,7,Exibicao,Convencional,Integra,1215.0,1611.12,Ineficiente
Primavera,Alto,6,Exibicao,Convencional,Integra,903.6,1193.98,Ineficiente
Verao,Medio,9,Exibicao,Inverter,Integra,1067.4,1500.24,Moderado
Primavera,Alto,4,Exibicao,Convencional,Integra,552.6,657.73,Moderado
Outono,Medio,10,Exibicao,Convencional,Integra,1551.6,1788.5,Moderado
Outono,Alto,7,Exibicao,Inverter,Gasta,984.6,1218.87,Ineficiente
Outono,Baixo,8,Exibicao,Convencional,Integra,1069.2,1068.71,Eficiente
Verao,Alto,5,Exibicao,Convencional,Integra,777.6,1317.48,Ineficiente
Outono,Alto,3,Exibicao,Convencional,Gasta,567.0,708.69,Ineficiente
Verao,Medio,3,Exibicao,Convencional,Gasta,450.0,635.08,Ineficiente
Outono,Alto,3,Armazenamento,Convencional,Gasta,333.0,456.48,Ineficiente
Primavera,Alto,10,Exibicao,Inverter,Integra,1258.2,1570.65,Ineficiente
Primavera,Medio,9,Exibicao,Convencional,Gasta,1350.0,1505.59,Moderado
Inverno,Baixo,4,Exibicao,Convencional,Integra,642.6,553.61,Eficiente
Primavera,Baixo,6,Exibicao,Convencional,Gasta,900.0,853.41,Moderado
Inverno,Medio,10,Exibicao,Convencional,Integra,1434.6,1405.07,Moderado
Primavera,Medio,10,Exibicao,Inverter,Gasta,1330.2,1529.85,Moderado
Verao,Medio,7,Exibicao,Convencional,Gasta,1098.0,1430.62,Ineficiente
Primavera,Medio,5,Armazenamento,Inverter,Integra,450.0,450.14,Moderado
Inverno,Medio,10,Exibicao,Convencional,Integra,1677.6,1721.53,Moderado
Inverno,Baixo,8,Exibicao,Convencional,Integra,1114.2,959.38,Eficiente
Outono,Baixo,5,Armazenamento,Convencional,Gasta,669.6,627.35,Moderado
Verao,Medio,8,Exibicao,Convencional,Gasta,1413.0,1867.01,Ineficiente
Primavera,Alto,9,Exibicao,Convencional,Gasta,1548.0,1994.24,Ineficiente
Outono,Medio,4,Exibicao,Convencional,Gasta,534.6,548.71,Moderado
Primavera,Alto,3,Exibicao,Convencional,Integra,489.6,562.52,Moderado
Primavera,Medio,10,Exibicao,Convencional,Gasta,1650.6,1923.25,Moderado
Outono,Medio,4,Armazenamento,Convencional,Integra,468.0,537.18,Moderado
Outono,Baixo,9,Exibicao,Convencional,Integra,1443.6,1387.77,Eficiente
Outono,Alto,6,Exibicao,Convencional,Gasta,792.0,914.0,Ineficiente
Outono,Alto,6,Exibicao,Convencional,Integra,768.6,965.9,Ineficiente
Outono,Baixo,9,Exibicao,Convencional,Integra,1351.8,1290.94,Eficiente
Primavera,Baixo,8,Exibicao,Convencional,Integra,1114.2,1089.77,Eficiente
Outono,Baixo,7,Exibicao,Convencional,Gasta,1206.0,1151.19,Moderado
Verao,Baixo,7,Exibicao,Convencional,Integra,984.6,1151.74,Moderado
Inverno,Alto,8,Exibicao,Convencional,Gasta,1251.0,1310.98,Ineficiente
Outono,Alto,6,Exibicao,Convencional,Gasta,864.0,1185.04,Ineficiente
Outono,Medio,6,Armazenamento,Convencional,Integra,756.0,796.38,Moderado
Primavera,Medio,10,Exibicao,Inverter,Integra,1285.2,1372.66,Moderado
Outono,Baixo,6,Exibicao,Convencional,Integra,930.6,898.08,Eficiente
Outono,Baixo,4,Exibicao,Convencional,Integra,579.6,575.98,Eficiente
Outono,Baixo,6,Armazenamento,Inverter,Gasta,747.0,793.89,Moderado
Primavera,Medio,5,Exibicao,Convencional,Integra,669.6,724.47,Moderado
Outono,Medio,10,Exibicao,Convencional,Gasta,1524.6,1778.89,Moderado
Inverno,Medio,3,Exibicao,Inverter,Gasta,471.6,409.54,Moderado
Primavera,Medio,6,Armazenamento,Inverter,Gasta,597.6,708.41,Moderado
Inverno,Medio,8,Exibicao,Convencional,Integra,1117.8,984.73,Moderado
Primavera,Medio,3,Armazenamento,Convencional,Gasta,423.0,425.42,Moderado
Outono,Medio,4,Exibicao,Convencional,Integra,664.2,684.63,Moderado
Inverno,Baixo,8,Exibicao,Inverter,Gasta,1069.2,853.15,Moderado
Primavera,Baixo,3,Exibicao,Convencional,Gasta,522.0,521.54,Moderado
Verao,Baixo,8,Armazenamento,Convencional,Integra,1017.0,1255.98,Moderado
Outono,Baixo,4,Exibicao,Convencional,Integra,603.0,626.23,Eficiente
Primavera,Medio,10,Exibicao,Convencional,Integra,1513.8,1526.21,Moderado
Verao,Alto,5,Exibicao,Inverter,Integra,648.0,1020.15,Ineficiente
Primavera,Medio,4,Armazenamento,Convencional,Integra,423.0,451.48,Moderado
Verao,Alto,4,Exibicao,Convencional,Gasta,624.6,1008.24,Ineficiente
Outono,Baixo,8,Exibicao,Convencional,Integra,1069.2,973.83,Eficiente
Inverno,Medio,10,Armazenamento,Convencional,Integra,1222.2,1043.89,Moderado
Verao,Baixo,9,Exibicao,Convencional,Integra,1279.8,1573.64,Moderado
Primavera,Medio,7,Armazenamento,Convencional,Gasta,840.6,981.72,Moderado
Outono,Baixo,6,Armazenamento,Convencional,Integra,603.0,621.09,Eficiente
Verao,Alto,6,Armazenamento,Convencional,Integra,768.6,1099.11,Ineficiente
Primavera,Alto,5,Armazenamento,Convencional,Integra,693.0,819.7,Moderado
Primavera,Alto,5,Exibicao,Convencional,Integra,682.2,814.83,Moderado
Primavera,Medio,6,Exibicao,Convencional,Gasta,963.0,1046.15,Moderado
Verao,Alto,7,Exibicao,Convencional,Integra,1006.2,1610.94,Ineficiente
Verao,Medio,6,Exibicao,Convencional,Gasta,963.0,1255.46,Ineficiente
Verao,Alto,9,Exibicao,Inverter,Integra,1211.4,1865.26,Ineficiente
Inverno,Alto,7,Exibicao,Inverter,Integra,986.4,1073.33,Moderado
Verao,Medio,5,Exibicao,Convencional,Integra,727.2,979.92,Moderado
Verao,Medio,3,Exibicao,Inverter,Integra,381.6,490.15,Moderado
Verao,Alto,8,Exibicao,Convencional,Integra,979.2,1539.79,Ineficiente
Inverno,Medio,9,Exibicao,Inverter,Gasta,1308.6,1185.21,Moderado
Verao,Alto,9,Exibicao,Convencional,Gasta,1456.2,2452.61,Ineficiente
Primavera,Medio,10,Exibicao,Convencional,Integra,1351.8,1568.6,Moderado
Verao,Baixo,5,Exibicao,Inverter,Integra,646.2,758.2,Moderado
Primavera,Baixo,5,Armazenamento,Convencional,Gasta,684.0,637.15,Moderado
Primavera,Baixo,4,Exibicao,Convencional,Integra,720.0,697.36,Eficiente
Primavera,Baixo,9,Exibicao,Convencional,Integra,1186.2,1163.44,Eficiente
Inverno,Baixo,4,Exibicao,Convencional,Integra,606.6,556.64,Eficiente
Inverno,Alto,4,Exibicao,Inverter,Integra,493.2,508.26,Moderado
Inverno,Baixo,8,Exibicao,Inverter,Integra,1193.4,1082.7,Eficiente
Verao,Baixo,4,Armazenamento,Convencional,Integra,450.0,561.66,Moderado
Primavera,Baixo,7,Armazenamento,Inverter,Integra,831.6,890.45,Eficiente
Inverno,Baixo,6,Exibicao,Convencional,Integra,754.2,664.07,Eficiente
Inverno,Medio,3,Armazenamento,Inverter,Integra,273.6,266.57,Moderado
Verao,Alto,5,Armazenamento,Convencional,Gasta,642.6,1015.72,Ineficiente
Inverno,Baixo,7,Exibicao,Inverter,Integra,871.2,786.55,Eficiente
Verao,Baixo,3,Exibicao,Convencional,Gasta,489.6,581.91,Moderado
Outono,Baixo,9,Armazenamento,Convencional,Gasta,1179.0,1267.3,Moderado
Inverno,Alto,9,Exibicao,Convencional,Integra,1375.2,1511.21,Moderado
Outono,Medio,9,Exibicao,Convencional,Gasta,1546.2,1684.78,Moderado
Verao,Alto,7,Exibicao,Inverter,Gasta,1038.6,1786.04,Ineficiente
Primavera,Medio,7,Armazenamento,Convencional,Gasta,972.0,1145.52,Moderado
Inverno,Baixo,5,Exibicao,Inverter,Gasta,664.2,592.34,Moderado
Verao,Baixo,6,Exibicao,Convencional,Gasta,1107.0,1320.85,Moderado
Primavera,Alto,10,Exibicao,Convencional,Gasta,1524.6,2094.34,Ineficiente
Primavera,Alto,4,Armazenamento,Convencional,Integra,459.0,605.11,Ineficiente
Outono,Medio,9,Armazenamento,Convencional,Gasta,1359.0,1528.33,Moderado
Verao,Medio,8,Exibicao,Convencional,Integra,1143.0,1701.75,Moderado
Primavera,Alto,6,Exibicao,Inverter,Integra,910.8,1073.76,Moderado
Inverno,Medio,8,Exibicao,Convencional,Integra,1081.8,944.08,Moderado
Inverno,Alto,5,Exibicao,Convencional,Integra,810.0,878.04,Moderado
Outono,Medio,5,Exibicao,Convencional,Integra,828.0,835.79,Moderado
Primavera,Alto,5,Exibicao,Convencional,Integra,777.6,1010.38,Ineficiente
Verao,Alto,3,Exibicao,Inverter,Gasta,504.0,754.6,Ineficiente
Inverno,Alto,8,Exibicao,Convencional,Gasta,1191.6,1183.59,Ineficiente
Primavera,Medio,6,Exibicao,Convencional,Gasta,909.0,984.9,Moderado
Primavera,Medio,10,Exibicao,Inverter,Gasta,1375.2,1506.32,Moderado
Outono,Medio,6,Armazenamento,Inverter,Integra,633.6,654.7,Moderado
Inverno,Alto,7,Exibicao,Convencional,Integra,1071.0,1046.87,Moderado
Inverno,Medio,7,Armazenamento,Convencional,Integra,855.0,788.13,Moderado
Verao,Medio,9,Exibicao,Convencional,Gasta,1641.6,2374.17,Ineficiente
Inverno,Alto,10,Exibicao,Convencional,Gasta,1459.8,1674.88,Ineficiente
Verao,Baixo,7,Exibicao,Convencional,Integra,1029.6,1185.37,Moderado
Inverno,Alto,5,Exibicao,Convencional,Gasta,747.0,803.8,Ineficiente
Outono,Medio,6,Exibicao,Inverter,Gasta,865.8,911.53,Moderado
Inverno,Alto,8,Exibicao,Convencional,Gasta,1326.6,1386.86,Ineficiente
Verao,Baixo,5,Exibicao,Inverter,Integra,601.2,811.51,Moderado
Verao,Alto,3,Exibicao,Inverter,Gasta,399.6,611.64,Ineficiente
Outono,Medio,7,Exibicao,Convencional,Integra,1204.2,1293.58,Moderado
Inverno,Baixo,5,Exibicao,Convencional,Gasta,783.0,627.14,Moderado
Inverno,Medio,5,Exibicao,Convencional,Integra,873.0,889.8,Moderado
Outono,Baixo,3,Exibicao,Convencional,Gasta,450.0,445.15,Moderado
Inverno,Baixo,4,Armazenamento,Convencional,Integra,480.6,412.95,Eficiente
Inverno,Alto,6,Exibicao,Inverter,Gasta,720.0,764.24,Ineficiente
Verao,Alto,8,Exibicao,Inverter,Gasta,1112.4,1669.57,Ineficiente
Inverno,Medio,9,Exibicao,Convencional,Gasta,1371.6,1361.36,Moderado
Inverno,Alto,4,Exibicao,Convencional,Integra,603.0,587.81,Moderado
Outono,Alto,7,Exibicao,Convencional,Gasta,993.6,1297.3,Ineficiente
Outono,Baixo,5,Exibicao,Convencional,Integra,732.6,743.89,Eficiente
Primavera,Alto,10,Exibicao,Convencional,Integra,1335.6,1568.83,Moderado
Verao,Baixo,3,Exibicao,Inverter,Gasta,399.6,466.54,Moderado
Inverno,Baixo,3,Exibicao,Inverter,Integra,439.2,383.68,Eficiente
Inverno,Baixo,10,Exibicao,Convencional,Integra,1267.2,1035.98,Eficiente
Primavera,Medio,6,Exibicao,Convencional,Gasta,1008.0,1061.73,Moderado
Inverno,Medio,4,Exibicao,Inverter,Integra,457.2,392.48,Moderado
Verao,Medio,9,Exibicao,Convencional,Gasta,1369.8,1983.58,Ineficiente
Primavera,Baixo,6,Exibicao,Convencional,Integra,873.0,934.29,Eficiente
Verao,Medio,10,Armazenamento,Convencional,Gasta,1335.6,1952.76,Ineficiente
Primavera,Medio,5,Armazenamento,Convencional,Integra,610.2,668.39,Moderado
Primavera,Alto,10,Exibicao,Convencional,Gasta,1366.2,1732.55,Ineficiente
Outono,Medio,6,Exibicao,Convencional,Integra,777.6,815.22,Moderado
Verao,Medio,8,Exibicao,Convencional,Integra,1216.8,1572.41,Moderado
Inverno,Baixo,3,Exibicao,Inverter,Integra,439.2,395.3,Eficiente
Inverno,Baixo,3,Exibicao,Inverter,Gasta,426.6,382.26,Moderado
Verao,Baixo,7,Exibicao,Convencional,Integra,1096.2,1439.03,Moderado
Inverno,Baixo,7,Armazenamento,Convencional,Integra,900.0,757.76,Eficiente
Inverno,Baixo,10,Exibicao,Convencional,Integra,1546.2,1402.01,Eficiente
Verao,Baixo,9,Exibicao,Convencional,Gasta,1249.2,1684.05,Ineficiente
Primavera,Medio,5,Armazenamento,Convencional,Gasta,669.6,714.1,Moderado
Verao,Baixo,8,Exibicao,Convencional,Gasta,1321.2,1560.98,Moderado
Primavera,Baixo,4,Exibicao,Convencional,Integra,675.0,668.73,Eficiente
Inverno,Alto,6,Exibicao,Inverter,Gasta,826.2,830.81,Ineficiente
Inverno,Medio,9,Exibicao,Convencional,Gasta,1546.2,1554.97,Moderado
Inverno,Medio,5,Armazenamento,Convencional,Integra,583.2,529.67,Moderado
Outono,Medio,7,Exibicao,Inverter,Integra,961.2,1075.1,Moderado
Primavera,Baixo,10,Armazenamento,Convencional,Integra,1276.2,1295.98,Eficiente
Outono,Baixo,6,Exibicao,Convencional,Gasta,786.6,786.87,Moderado
Outono,Baixo,7,Exibicao,Convencional,Integra,1011.6,943.05,Eficiente
Verao,Alto,10,Armazenamento,Convencional,Integra,1272.6,2191.8,Ineficiente
Outono,Baixo,6,Exibicao,Convencional,Integra,963.0,900.69,Eficiente
Verao,Alto,4,Exibicao,Convencional,Integra,664.2,1096.23,Ineficiente
Verao,Medio,5,Exibicao,Convencional,Integra,759.6,1104.92,Moderado
Outono,Baixo,6,Armazenamento,Convencional,Gasta,828.0,770.11,Moderado
Primavera,Alto,8,Exibicao,Convencional,Integra,1065.6,1453.43,Ineficiente
Primavera,Alto,9,Exibicao,Inverter,Gasta,1076.4,1353.1,Ineficiente
Primavera,Baixo,3,Exibicao,Convencional,Gasta,462.6,472.77,Moderado
Primavera,Medio,8,Exibicao,Convencional,Integra,982.8,1112.88,Moderado
Primavera,Medio,8,Exibicao,Inverter,Integra,1117.8,1233.54,Moderado
Outono,Medio,9,Exibicao,Convencional,Gasta,1413.0,1451.61,Moderado
Outono,Alto,3,Exibicao,Inverter,Gasta,549.0,724.91,Ineficiente
Inverno,Alto,8,Armazenamento,Convencional,Gasta,964.8,1049.4,Ineficiente
Primavera,Alto,6,Exibicao,Convencional,Integra,945.0,1104.22,Moderado
Outono,Alto,6,Exibicao,Convencional,Integra,891.0,1165.5,Ineficiente
Inverno,Medio,6,Exibicao,Convencional,Gasta,822.6,800.65,Moderado
Primavera,Baixo,3,Armazenamento,Convencional,Gasta,441.0,443.96,Moderado
Verao,Alto,8,Armazenamento,Convencional,Gasta,1179.0,1712.1,Ineficiente
Inverno,Alto,10,Exibicao,Convencional,Integra,1618.2,1684.45,Moderado
Outono,Medio,3,Armazenamento,Convencional,Gasta,423.0,426.47,Moderado
Verao,Baixo,6,Exibicao,Convencional,Gasta,891.0,1106.22,Ineficiente
Verao,Baixo,9,Armazenamento,Convencional,Gasta,1224.0,1644.33,Ineficiente
Verao,Medio,8,Exibicao,Convencional,Integra,1272.6,1587.53,Moderado
Inverno,Medio,8,Exibicao,Convencional,Gasta,1224.0,1096.06,Moderado
Outono,Baixo,7,Exibicao,Convencional,Integra,1008.0,1062.91,Eficiente
Verao,Alto,7,Exibicao,Convencional,Integra,984.6,1405.97,Ineficiente
Primavera,Baixo,4,Armazenamento,Convencional,Integra,495.0,447.69,Eficiente
Verao,Medio,10,Exibicao,Convencional,Integra,1317.6,1854.15,Moderado
Verao,Alto,10,Exibicao,Convencional,Integra,1425.6,2369.0,Ineficiente
Inverno,Alto,5,Exibicao,Convencional,Gasta,876.6,988.29,Ineficiente
Inverno,Medio,10,Exibicao,Convencional,Integra,1362.6,1344.93,Moderado
Outono,Medio,7,Exibicao,Inverter,Integra,928.8,996.89,Moderado
Primavera,Medio,3,Exibicao,Convencional,Gasta,495.0,585.52,Moderado
Inverno,Baixo,10,Exibicao,Convencional,Gasta,1641.6,1262.72,Moderado
Verao,Baixo,7,Exibicao,Convencional,Integra,1101.6,1324.42,Moderado
Outono,Alto,4,Exibicao,Convencional,Gasta,792.0,966.97,Ineficiente
Verao,Medio,8,Exibicao,Convencional,Gasta,1308.6,1688.54,Ineficiente
Verao,Alto,10,Armazenamento,Convencional,Integra,1204.2,1837.45,Ineficiente
Inverno,Alto,4,Exibicao,Convencional,Integra,540.0,587.8,Moderado
Outono,Alto,8,Exibicao,Inverter,Integra,925.2,1170.25,Ineficiente
Primavera,Alto,9,Exibicao,Convencional,Gasta,1485.0,1806.74,Ineficiente
Primavera,Medio,9,Exibicao,Convencional,Gasta,1332.0,1538.27,Moderado
Inverno,Alto,8,Exibicao,Convencional,Gasta,1321.2,1472.9,Ineficiente
Inverno,Medio,10,Exibicao,Convencional,Integra,1369.8,1230.05,Moderado
Outono,Medio,5,Armazenamento,Convencional,Gasta,642.6,684.61,Moderado
Primavera,Baixo,7,Exibicao,Inverter,Gasta,1020.6,976.85,Moderado
Primavera,Medio,3,Armazenamento,Convencional,Gasta,405.0,414.95,Moderado
Primavera,Baixo,3,Exibicao,Convencional,Gasta,495.0,517.54,Moderado
Verao,Medio,6,Exibicao,Convencional,Integra,876.6,1103.66,Moderado
Primavera,Medio,8,Exibicao,Inverter,Gasta,1252.8,1289.28,Moderado
Verao,Medio,3,Exibicao,Convencional,Gasta,534.6,681.36,Ineficiente
Outono,Baixo,10,Exibicao,Convencional,Integra,1470.6,1557.83,Eficiente
Verao,Baixo,5,Exibicao,Convencional,Gasta,714.6,813.63,Moderado
Outono,Alto,8,Exibicao,Convencional,Gasta,1107.0,1438.56,Ineficiente
Primavera,Baixo,5,Exibicao,Convencional,Gasta,759.6,691.96,Moderado
Primavera,Baixo,10,Exibicao,Convencional,Integra,1546.2,1626.49,Eficiente
Outono,Baixo,3,Exibicao,Convencional,Gasta,540.0,580.99,Moderado
Inverno,Baixo,3,Exibicao,Inverter,Gasta,399.6,337.96,Moderado
Outono,Alto,6,Exibicao,Convencional,Gasta,894.6,1192.58,Ineficiente
Inverno,Baixo,3,Exibicao,Convencional,Integra,417.6,367.99,Eficiente
Verao,Medio,8,Armazenamento,Convencional,Integra,984.6,1433.31,Moderado
Verao,Medio,10,Exibicao,Convencional,Integra,1440.0,2085.34,Moderado
Verao,Baixo,9,Exibicao,Convencional,Integra,1360.8,1601.53,Moderado
Primavera,Baixo,10,Exibicao,Convencional,Integra,1506.6,1502.71,Eficiente
Verao,Medio,8,Exibicao,Inverter,Integra,1036.8,1554.15,Moderado
Inverno,Medio,8,Exibicao,Convencional,Integra,1159.2,1053.94,Moderado
Verao,Alto,6,Exibicao,Convencional,Integra,883.8,1516.73,Ineficiente
Outono,Medio,6,Exibicao,Convencional,Gasta,1017.0,1139.0,Moderado
Outono,Medio,3,Armazenamento,Convencional,Integra,360.0,394.0,Moderado
Primavera,Baixo,4,Exibicao,Convencional,Gasta,597.6,614.02,Moderado
Outono,Medio,10,Exibicao,Inverter,Gasta,1308.6,1529.53,Moderado
Inverno,Alto,10,Exibicao,Convencional,Gasta,1474.2,1547.05,Ineficiente
Verao,Medio,4,Exibicao,Convencional,Integra,592.2,743.52,Moderado
Primavera,Baixo,6,Armazenamento,Convencional,Integra,738.0,765.43,Eficiente
Verao,Baixo,3,Exibicao,Convencional,Integra,489.6,663.51,Moderado
Verao,Medio,4,Exibicao,Convencional,Integra,552.6,779.68,Moderado
Inverno,Baixo,3,Armazenamento,Convencional,Gasta,378.0,301.48,Moderado
Outono,Alto,3,Armazenamento,Convencional,Gasta,450.0,539.81,Ineficiente
Outono,Alto,3,Exibicao,Inverter,Gasta,426.6,579.47,Ineficiente
Verao,Medio,7,Armazenamento,Convencional,Integra,810.0,1012.85,Moderado
Primavera,Medio,8,Exibicao,Convencional,Integra,1299.6,1446.11,Moderado
Outono,Medio,3,Armazenamento,Convencional,Gasta,423.0,436.04,Moderado
Primavera,Baixo,7,Armazenamento,Convencional,Gasta,921.6,881.26,Moderado
Outono,Alto,6,Exibicao,Convencional,Gasta,927.0,1125.08,Ineficiente
Primavera,Alto,4,Exibicao,Convencional,Integra,540.0,644.02,Moderado
Inverno,Baixo,8,Exibicao,Convencional,Gasta,1276.2,1142.31,Moderado
Primavera,Alto,9,Exibicao,Convencional,Gasta,1335.6,1629.07,Ineficiente
Inverno,Medio,4,Exibicao,Convencional,Integra,603.0,548.46,Moderado
Inverno,Medio,8,Armazenamento,Convencional,Integra,972.0,902.73,Moderado
Primavera,Medio,9,Exibicao,Convencional,Integra,1332.0,1581.06,Moderado
Inverno,Alto,4,Exibicao,Convencional,Integra,534.6,593.08,Moderado
Verao,Medio,8,Exibicao,Convencional,Integra,1173.6,1482.36,Moderado
Inverno,Baixo,4,Exibicao,Convencional,Gasta,709.2,548.54,Moderado
Outono,Baixo,4,Armazenamento,Inverter,Integra,441.0,445.46,Eficiente
Primavera,Alto,9,Exibicao,Convencional,Gasta,1407.6,1904.33,Ineficiente
Verao,Baixo,4,Armazenamento,Convencional,Integra,531.0,639.8,Moderado
Primavera,Baixo,4,Exibicao,Inverter,Gasta,576.0,546.96,Moderado
Outono,Alto,9,Exibicao,Convencional,Gasta,1423.8,1878.8,Ineficiente
Outono,Medio,6,Exibicao,Inverter,Integra,718.2,807.21,Moderado
Outono,Medio,3,Armazenamento,Convencional,Gasta,306.0,341.54,Moderado
Inverno,Medio,10,Armazenamento,Convencional,Integra,1222.2,1068.84,Moderado
Inverno,Alto,5,Exibicao,Convencional,Gasta,799.2,803.11,Ineficiente
Primavera,Baixo,7,Armazenamento,Convencional,Gasta,970.2,927.55,Moderado
Primavera,Medio,5,Exibicao,Convencional,Integra,687.6,715.75,Moderado
Verao,Medio,5,Exibicao,Convencional,Gasta,927.0,1392.24,Ineficiente
Verao,Alto,8,Exibicao,Convencional,Gasta,1360.8,1946.74,Ineficiente
Primavera,Medio,3,Armazenamento,Convencional,Gasta,378.0,426.75,Moderado
Inverno,Alto,8,Armazenamento,Convencional,Integra,1020.6,1096.73,Moderado
Outono,Baixo,3,Exibicao,Inverter,Gasta,484.2,466.73,Moderado
Primavera,Alto,9,Armazenamento,Convencional,Gasta,1227.6,1660.97,Ineficiente
Verao,Alto,9,Exibicao,Inverter,Integra,1166.4,1896.62,Ineficiente
Inverno,Alto,10,Armazenamento,Convencional,Integra,1101.6,1291.81,Moderado
Primavera,Alto,3,Exibicao,Inverter,Gasta,349.2,412.22,Ineficiente
Primavera,Baixo,4,Exibicao,Convencional,Gasta,549.0,504.64,Moderado
Inverno,Baixo,6,Exibicao,Convencional,Gasta,1056.6,834.33,Moderado
Primavera,Medio,10,Exibicao,Convencional,Integra,1530.0,1612.7,Moderado
Inverno,Baixo,10,Armazenamento,Inverter,Integra,1053.0,878.66,Eficiente
Outono,Baixo,4,Exibicao,Convencional,Integra,651.6,694.86,Eficiente
Inverno,Medio,6,Exibicao,Convencional,Gasta,885.6,795.71,Moderado
Inverno,Baixo,8,Armazenamento,Convencional,Integra,993.6,909.08,Eficiente
Inverno,Alto,6,Armazenamento,Inverter,Gasta,691.2,735.05,Ineficiente
Primavera,Alto,8,Exibicao,Convencional,Gasta,1191.6,1543.48,Ineficiente
Primavera,Medio,9,Exibicao,Convencional,Gasta,1458.0,1535.31,Moderado
Inverno,Medio,5,Armazenamento,Convencional,Integra,693.0,606.88,Moderado
Primavera,Medio,9,Exibicao,Inverter,Gasta,1204.2,1421.06,Moderado
Verao,Alto,9,Armazenamento,Convencional,Integra,1092.6,1592.85,Ineficiente
Verao,Baixo,5,Armazenamento,Inverter,Gasta,633.6,831.25,Ineficiente
Primavera,Alto,6,Exibicao,Convencional,Integra,810.0,1036.34,Ineficiente
Primavera,Medio,10,Exibicao,Inverter,Integra,1375.2,1620.45,Moderado
Inverno,Baixo,6,Exibicao,Inverter,Gasta,786.6,694.61,Moderado
Outono,Baixo,8,Exibicao,Convencional,Gasta,1389.6,1328.48,Moderado
Primavera,Alto,4,Exibicao,Convencional,Integra,621.0,793.55,Ineficiente
Verao,Medio,8,Exibicao,Convencional,Gasta,1416.6,1771.18,Ineficiente
Inverno,Alto,4,Exibicao,Convencional,Integra,547.2,583.28,Moderado
Primavera,Baixo,9,Armazenamento,Inverter,Gasta,991.8,911.31,Moderado
Verao,Alto,5,Armazenamento,Convencional,Gasta,684.0,1062.72,Ineficiente
Verao,Alto,9,Armazenamento,Convencional,Integra,972.0,1417.06,Ineficiente
Outono,Medio,3,Armazenamento,Convencional,Gasta,405.0,485.25,Moderado
Inverno,Medio,6,Exibicao,Inverter,Gasta,718.2,676.0,Moderado
Inverno,Baixo,4,Exibicao,Convencional,Integra,547.2,500.47,Eficiente
Outono,Alto,8,Exibicao,Convencional,Integra,1153.8,1321.53,Moderado
Outono,Alto,5,Exibicao,Inverter,Gasta,678.6,877.45,Ineficiente
Inverno,Alto,4,Exibicao,Convencional,Integra,606.6,625.78,Moderado
Inverno,Baixo,8,Exibicao,Convencional,Integra,1222.2,1022.82,Eficiente
Primavera,Baixo,6,Armazenamento,Convencional,Gasta,705.6,753.85,Moderado
Primavera,Medio,9,Exibicao,Inverter,Integra,1137.6,1368.88,Moderado
Outono,Medio,6,Exibicao,Convencional,Gasta,1011.6,1061.43,Moderado
Primavera,Medio,7,Exibicao,Inverter,Gasta,1026.0,1227.75,Moderado
Verao,Alto,3,Armazenamento,Inverter,Gasta,360.0,587.38,Ineficiente
Primavera,Alto,7,Exibicao,Convencional,Integra,1065.6,1458.1,Ineficiente
Primavera,Medio,5,Armazenamento,Convencional,Gasta,687.6,767.08,Moderado
Verao,Alto,4,Armazenamento,Convencional,Integra,432.0,740.11,Ineficiente
Outono,Medio,5,Exibicao,Convencional,Gasta,747.0,885.13,Moderado
Verao,Baixo,9,Exibicao,Inverter,Integra,1195.2,1384.84,Moderado
Primavera,Medio,8,Exibicao,Convencional,Gasta,1281.6,1362.04,Moderado
Outono,Baixo,6,Exibicao,Convencional,Gasta,1047.6,993.84,Moderado
Primavera,Alto,7,Exibicao,Convencional,Integra,1080.0,1379.49,Ineficiente
Verao,Medio,10,Exibicao,Convencional,Integra,1587.6,2314.1,Moderado
Verao,Alto,7,Exibicao,Convencional,Integra,1060.2,1752.32,Ineficiente
Primavera,Baixo,9,Exibicao,Convencional,Integra,1378.8,1434.75,Eficiente
Inverno,Baixo,7,Exibicao,Convencional,Integra,1015.2,840.31,Eficiente
Inverno,Baixo,9,Exibicao,Convencional,Integra,1177.2,929.61,Eficiente
Verao,Alto,10,Exibicao,Convencional,Gasta,1551.6,2309.05,Ineficiente
Verao,Alto,5,Armazenamento,Inverter,Gasta,606.6,999.38,Ineficiente
Inverno,Alto,6,Armazenamento,Convencional,Integra,747.0,746.33,Moderado
Inverno,Alto,4,Exibicao,Inverter,Gasta,633.6,642.78,Ineficiente
Primavera,Baixo,8,Exibicao,Convencional,Gasta,1305.0,1283.03,Moderado
Primavera,Baixo,4,Exibicao,Convencional,Integra,606.6,555.77,Eficiente
Inverno,Medio,5,Exibicao,Convencional,Gasta,747.0,661.72,Moderado
Primavera,Medio,8,Exibicao,Convencional,Gasta,1222.2,1257.58,Moderado
Primavera,Alto,7,Armazenamento,Convencional,Integra,918.0,1256.12,Ineficiente
Outono,Baixo,10,Exibicao,Convencional,Integra,1648.8,1548.04,Eficiente
Primavera,Baixo,10,Exibicao,Convencional,Integra,1420.2,1514.27,Eficiente
Verao,Baixo,3,Armazenamento,Inverter,Gasta,342.0,395.14,Moderado
Primavera,Medio,5,Exibicao,Inverter,Integra,709.2,836.95,Moderado
Primavera,Medio,5,Exibicao,Convencional,Gasta,720.0,808.83,Moderado
Inverno,Baixo,6,Exibicao,Inverter,Integra,806.4,729.27,Eficiente
Verao,Baixo,4,Exibicao,Convencional,Gasta,529.2,706.02,Ineficiente
Primavera,Baixo,5,Armazenamento,Inverter,Integra,511.2,519.28,Eficiente
Primavera,Medio,5,Exibicao,Convencional,Gasta,741.6,882.66,Moderado
Outono,Baixo,7,Exibicao,Inverter,Integra,903.6,916.01,Eficiente
Primavera,Baixo,7,Exibicao,Inverter,Integra,1006.2,1044.32,Eficiente
Primavera,Alto,8,Exibicao,Convencional,Gasta,1254.6,1555.53,Ineficiente
Outono,Alto,9,Armazenamento,Convencional,Gasta,1080.0,1468.13,Ineficiente
Inverno,Medio,9,Armazenamento,Convencional,Integra,1263.6,1257.27,Moderado
Primavera,Baixo,3,Exibicao,Inverter,Integra,381.6,356.48,Eficiente
Outono,Baixo,9,Exibicao,Convencional,Integra,1470.6,1488.27,Eficiente
Verao,Alto,6,Exibicao,Convencional,Gasta,921.6,1561.23,Ineficiente
Inverno,Medio,3,Armazenamento,Convencional,Gasta,423.0,418.53,Moderado
Verao,Alto,8,Armazenamento,Convencional,Gasta,945.0,1619.51,Ineficiente
Verao,Alto,7,Exibicao,Inverter,Integra,961.2,1436.41,Ineficiente
Outono,Alto,9,Exibicao,Convencional,Integra,1281.6,1574.05,Ineficiente
Primavera,Alto,4,Armazenamento,Convencional,Integra,504.0,635.91,Ineficiente
Outono,Baixo,7,Armazenamento,Convencional,Gasta,963.0,911.68,Moderado
Outono,Baixo,10,Exibicao,Convencional,Gasta,1452.6,1419.73,Moderado
Outono,Alto,6,Exibicao,Convencional,Gasta,936.0,1187.79,Ineficiente
Outono,Medio,7,Exibicao,Convencional,Integra,972.0,1008.63,Moderado
Inverno,Medio,6,Exibicao,Convencional,Gasta,1080.0,965.19,Moderado
Primavera,Medio,6,Exibicao,Convencional,Gasta,840.6,860.54,Moderado
Verao,Medio,6,Armazenamento,Convencional,Gasta,612.0,877.69,Ineficiente
Verao,Alto,8,Exibicao,Convencional,Gasta,1224.0,1876.96,Ineficiente
Primavera,Baixo,6,Armazenamento,Convencional,Integra,714.6,674.83,Eficiente
Verao,Medio,6,Armazenamento,Convencional,Gasta,723.6,998.6,Ineficiente
Primavera,Alto,10,Exibicao,Convencional,Gasta,1402.2,1621.48,Ineficiente
Verao,Medio,4,Exibicao,Convencional,Integra,540.0,804.21,Moderado
Outono,Medio,3,Exibicao,Inverter,Gasta,426.6,451.91,Moderado
Verao,Alto,5,Exibicao,Convencional,Integra,669.6,1132.25,Ineficiente
Primavera,Baixo,10,Exibicao,Convencional,Integra,1486.8,1482.41,Eficiente
Primavera,Baixo,3,Exibicao,Convencional,Gasta,522.0,555.42,Moderado
Primavera,Alto,6,Exibicao,Convencional,Integra,885.6,1062.1,Moderado
Primavera,Baixo,4,Exibicao,Convencional,Integra,630.0,589.55,Eficiente
Primavera,Alto,7,Exibicao,Convencional,Integra,1182.6,1589.25,Ineficiente
Inverno,Alto,4,Exibicao,Convencional,Integra,693.0,701.62,Moderado
Inverno,Alto,10,Armazenamento,Convencional,Integra,1209.6,1356.23,Moderado
Verao,Baixo,6,Exibicao,Inverter,Gasta,858.6,1038.87,Ineficiente
Primavera,Alto,4,Armazenamento,Convencional,Integra,432.0,570.05,Ineficiente
Verao,Medio,9,Armazenamento,Convencional,Gasta,1260.0,1871.27,Ineficiente
Primavera,Baixo,4,Exibicao,Convencional,Gasta,597.6,650.79,Moderado
Primavera,Baixo,6,Exibicao,Convencional,Gasta,948.6,920.96,Moderado
Inverno,Baixo,8,Exibicao,Inverter,Gasta,1035.0,855.41,Moderado
Inverno,Baixo,9,Exibicao,Convencional,Integra,1389.6,1286.24,Eficiente
Outono,Medio,4,Exibicao,Convencional,Gasta,606.6,714.83,Moderado
Inverno,Baixo,5,Exibicao,Convencional,Gasta,804.6,623.09,Moderado
Outono,Baixo,5,Armazenamento,Convencional,Gasta,642.6,649.96,Moderado
Outono,Alto,4,Exibicao,Convencional,Integra,664.2,786.08,Moderado
Outono,Baixo,8,Exibicao,Convencional,Integra,1137.6,1241.53,Eficiente
Outono,Medio,7,Exibicao,Inverter,Integra,946.8,972.05,Moderado
Outono,Medio,6,Exibicao,Convencional,Integra,873.0,973.36,Moderado
Verao,Medio,5,Exibicao,Convencional,Integra,738.0,1049.06,Moderado
Inverno,Medio,7,Armazenamento,Inverter,Gasta,889.2,902.66,Moderado
Outono,Baixo,4,Exibicao,Convencional,Gasta,630.0,669.99,Moderado
Primavera,Baixo,10,Exibicao,Convencional,Integra,1506.6,1430.05,Eficiente
Inverno,Medio,7,Exibicao,Inverter,Integra,1090.8,1036.36,Moderado
Inverno,Medio,9,Exibicao,Inverter,Gasta,1292.4,1315.78,Moderado
Outono,Baixo,3,Exibicao,Convencional,Integra,417.6,435.26,Eficiente
Verao,Medio,5,Exibicao,Convencional,Gasta,849.6,1212.86,Ineficiente
Outono,Alto,4,Exibicao,Convencional,Integra,522.0,689.65,Ineficiente
Verao,Medio,10,Exibicao,Convencional,Gasta,1614.6,2149.89,Ineficiente
Primavera,Medio,6,Exibicao,Inverter,Gasta,883.8,1016.94,Moderado
Inverno,Alto,10,Exibicao,Convencional,Gasta,1573.2,1599.16,Ineficiente
Primavera,Alto,8,Exibicao,Convencional,Integra,1101.6,1369.01,Ineficiente
Verao,Baixo,9,Exibicao,Convencional,Gasta,1456.2,1950.56,Ineficiente
Verao,Baixo,4,Exibicao,Convencional,Gasta,696.6,788.99,Moderado
Primavera,Alto,6,Exibicao,Convencional,Integra,795.6,986.1,Ineficiente
Verao,Alto,8,Exibicao,Convencional,Integra,1132.2,1704.01,Ineficiente
Primavera,Baixo,8,Exibicao,Convencional,Gasta,1240.2,1166.08,Moderado
Inverno,Medio,4,Exibicao,Convencional,Integra,624.6,623.08,Moderado
Primavera,Alto,9,Armazenamento,Convencional,Integra,1080.0,1411.73,Ineficiente
Inverno,Baixo,7,Exibicao,Convencional,Integra,939.6,737.88,Eficiente
Primavera,Medio,7,Exibicao,Convencional,Integra,948.6,1044.73,Moderado
Verao,Alto,8,Exibicao,Convencional,Gasta,1074.6,1681.83,Ineficiente
Primavera,Medio,7,Armazenamento,Inverter,Gasta,916.2,941.33,Moderado
Verao,Baixo,3,Exibicao,Convencional,Gasta,450.0,593.13,Ineficiente
Primavera,Alto,8,Armazenamento,Convencional,Gasta,1083.6,1330.66,Ineficiente
Primavera,Medio,8,Exibicao,Convencional,Integra,1087.2,1258.44,Moderado
Outono,Alto,6,Exibicao,Convencional,Integra,804.6,954.33,Moderado
Verao,Medio,7,Exibicao,Inverter,Gasta,1078.2,1433.56,Ineficiente
Outono,Baixo,9,Exibicao,Convencional,Integra,1537.2,1415.12,Eficiente
Verao,Baixo,8,Exibicao,Convencional,Integra,1125.0,1307.48,Moderado
Outono,Alto,10,Exibicao,Inverter,Gasta,1299.6,1757.01,Ineficiente
Inverno,Medio,9,Exibicao,Convencional,Integra,1346.4,1167.8,Moderado
Primavera,Alto,3,Armazenamento,Convencional,Integra,360.0,418.67,Moderado
Verao,Alto,6,Exibicao,Convencional,Gasta,831.6,1419.64,Ineficiente
Verao,Medio,4,Exibicao,Convencional,Integra,597.6,846.46,Moderado
Primavera,Medio,9,Exibicao,Convencional,Gasta,1267.2,1290.89,Moderado
Verao,Medio,8,Exibicao,Convencional,Gasta,1251.0,1878.94,Ineficiente
Verao,Baixo,3,Exibicao,Inverter,Gasta,399.6,464.76,Moderado
Outono,Alto,5,Exibicao,Convencional,Integra,682.2,903.18,Ineficiente
Verao,Alto,3,Exibicao,Inverter,Gasta,459.0,658.87,Ineficiente
Inverno,Baixo,3,Armazenamento,Inverter,Gasta,342.0,296.85,Moderado
Inverno,Medio,6,Armazenamento,Convencional,Integra,738.0,697.75,Moderado
Primavera,Baixo,4,Exibicao,Convencional,Integra,603.0,568.04,Eficiente
Verao,Baixo,5,Exibicao,Convencional,Integra,669.6,857.67,Moderado
Primavera,Baixo,7,Exibicao,Inverter,Gasta,1018.8,1038.91,Moderado
Inverno,Alto,7,Exibicao,Convencional,Gasta,1119.6,1267.23,Ineficiente
Verao,Baixo,9,Armazenamento,Convencional,Integra,1056.6,1411.77,Moderado
Verao,Alto,3,Armazenamento,Convencional,Gasta,405.0,639.1,Ineficiente
Primavera,Alto,10,Exibicao,Convencional,Integra,1402.2,1763.51,Ineficiente
Inverno,Alto,6,Exibicao,Convencional,Gasta,844.2,925.08,Ineficiente
Verao,Medio,10,Exibicao,Convencional,Gasta,1470.6,2115.15,Ineficiente
Primavera,Alto,6,Exibicao,Inverter,Integra,709.2,869.11,Ineficiente
Inverno,Alto,7,Exibicao,Convencional,Integra,1101.6,1180.86,Moderado
Primavera,Medio,9,Exibicao,Convencional,Integra,1495.8,1675.85,Moderado
Outono,Alto,9,Exibicao,Inverter,Gasta,1335.6,1839.4,Ineficiente
Verao,Baixo,9,Exibicao,Convencional,Gasta,1350.0,1711.4,Ineficiente
Outono,Baixo,5,Armazenamento,Inverter,Gasta,606.6,573.29,Moderado
Inverno,Alto,4,Exibicao,Convencional,Integra,714.6,778.16,Moderado
Outono,Medio,5,Armazenamento,Convencional,Integra,615.6,720.0,Moderado
Outono,Baixo,8,Exibicao,Inverter,Integra,1063.8,1133.38,Eficiente
Inverno,Medio,8,Exibicao,Convencional,Gasta,1348.2,1335.69,Moderado
Primavera,Medio,10,Armazenamento,Convencional,Gasta,1350.0,1598.43,Moderado
Outono,Baixo,4,Exibicao,Convencional,Gasta,693.0,669.51,Moderado
Primavera,Medio,7,Exibicao,Inverter,Gasta,1024.2,1130.81,Moderado
Outono,Baixo,4,Exibicao,Convencional,Integra,567.0,595.7,Eficiente
Primavera,Medio,6,Exibicao,Convencional,Integra,822.6,866.23,Moderado
Inverno,Baixo,8,Exibicao,Convencional,Integra,1224.0,1012.41,Eficiente
Outono,Alto,3,Armazenamento,Convencional,Gasta,450.0,602.76,Ineficiente
Inverno,Baixo,3,Exibicao,Convencional,Gasta,450.0,401.17,Moderado
Outono,Baixo,7,Armazenamento,Inverter,Integra,702.0,763.09,Eficiente
Inverno,Baixo,6,Exibicao,Convencional,Integra,810.0,751.66,Eficiente
Inverno,Baixo,10,Armazenamento,Inverter,Gasta,1245.6,1003.96,Moderado
Outono,Medio,5,Exibicao,Inverter,Integra,678.6,805.22,Moderado
Outono,Alto,6,Exibicao,Inverter,Gasta,840.6,977.35,Ineficiente
Outono,Baixo,3,Exibicao,Convencional,Gasta,444.6,461.21,Moderado
Verao,Medio,3,Exibicao,Convencional,Integra,432.0,563.61,Moderado
Primavera,Alto,10,Exibicao,Convencional,Gasta,1434.6,1738.84,Ineficiente
Verao,Alto,8,Exibicao,Convencional,Gasta,1114.2,1904.05,Ineficiente
Verao,Alto,6,Exibicao,Convencional,Gasta,921.6,1386.04,Ineficiente
Inverno,Alto,6,Exibicao,Convencional,Integra,961.2,1063.4,Moderado
Outono,Baixo,3,Armazenamento,Convencional,Integra,288.0,269.67,Eficiente
Primavera,Baixo,5,Exibicao,Convencional,Gasta,819.0,753.68,Moderado
Inverno,Medio,7,Exibicao,Convencional,Gasta,1287.0,1169.17,Moderado
Verao,Medio,9,Exibicao,Inverter,Integra,1301.4,1835.92,Moderado
Outono,Medio,7,Armazenamento,Convencional,Integra,873.0,916.27,Moderado
Inverno,Alto,6,Exibicao,Convencional,Gasta,966.6,995.82,Ineficiente
Outono,Alto,7,Armazenamento,Convencional,Gasta,1071.0,1403.11,Ineficiente
Inverno,Baixo,3,Armazenamento,Convencional,Gasta,306.0,239.82,Moderado
Outono,Alto,3,Exibicao,Inverter,Integra,381.6,475.95,Ineficiente
Verao,Alto,10,Exibicao,Convencional,Integra,1591.2,2717.01,Ineficiente
Primavera,Alto,6,Exibicao,Convencional,Gasta,828.0,1022.81,Ineficiente
Verao,Medio,10,Armazenamento,Convencional,Gasta,1278.0,1739.17,Ineficiente
Primavera,Medio,6,Exibicao,Convencional,Gasta,912.6,1051.79,Moderado
Outono,Baixo,9,Armazenamento,Inverter,Gasta,1164.6,1223.43,Moderado
Inverno,Alto,9,Exibicao,Convencional,Gasta,1434.6,1615.36,Ineficiente
Verao,Alto,8,Armazenamento,Convencional,Gasta,1008.0,1738.15,Ineficiente
Primavera,Baixo,6,Exibicao,Inverter,Integra,806.4,738.72,Eficiente
Verao,Alto,5,Armazenamento,Convencional,Integra,594.0,1021.49,Ineficiente
Primavera,Alto,7,Exibicao,Inverter,Integra,1027.8,1406.08,Ineficiente
Verao,Medio,6,Exibicao,Convencional,Integra,981.0,1442.62,Moderado
Primavera,Baixo,4,Exibicao,Convencional,Integra,585.0,578.44,Eficiente
Primavera,Baixo,8,Exibicao,Convencional,Gasta,1389.6,1484.05,Moderado
Outono,Baixo,4,Exibicao,Inverter,Gasta,615.6,581.41,Moderado
Primavera,Baixo,3,Armazenamento,Convencional,Gasta,432.0,454.86,Moderado
Outono,Medio,9,Exibicao,Convencional,Gasta,1582.2,1639.79,Moderado
Primavera,Medio,7,Exibicao,Convencional,Integra,1008.0,1178.08,Moderado
Inverno,Alto,6,Exibicao,Convencional,Integra,979.2,1071.6,Moderado
Inverno,Alto,4,Exibicao,Convencional,Integra,648.0,640.87,Moderado
Inverno,Alto,7,Exibicao,Convencional,Integra,1188.0,1368.15,Moderado
Primavera,Alto,3,Exibicao,Inverter,Integra,439.2,561.61,Ineficiente
Outono,Medio,9,Exibicao,Inverter,Gasta,1290.6,1465.23,Moderado
Outono,Baixo,5,Exibicao,Convencional,Gasta,759.6,726.46,Moderado
Primavera,Medio,8,Exibicao,Convencional,Integra,1254.6,1481.11,Moderado
Inverno,Alto,7,Exibicao,Convencional,Integra,997.2,1077.2,Moderado
Inverno,Medio,7,Exibicao,Convencional,Gasta,1197.0,1104.88,Moderado
Outono,Baixo,5,Exibicao,Convencional,Gasta,864.0,867.47,Moderado
Inverno,Baixo,7,Exibicao,Convencional,Integra,1141.2,1005.07,Eficiente
Verao,Medio,3,Exibicao,Inverter,Integra,331.2,473.39,Moderado
Outono,Medio,3,Armazenamento,Convencional,Gasta,405.0,434.4,Moderado
Inverno,Medio,5,Exibicao,Convencional,Integra,882.0,808.48,Moderado
Outono,Alto,8,Exibicao,Convencional,Integra,1126.8,1436.6,Ineficiente
Verao,Medio,6,Exibicao,Convencional,Integra,858.6,1278.91,Moderado
Outono,Medio,4,Exibicao,Convencional,Gasta,810.0,934.77,Moderado
Outono,Medio,6,Exibicao,Convencional,Gasta,1035.0,1117.27,Moderado
Outono,Baixo,7,Exibicao,Convencional,Integra,1209.6,1169.12,Eficiente
Outono,Baixo,4,Armazenamento,Convencional,Gasta,468.0,468.93,Moderado
Verao,Alto,10,Armazenamento,Convencional,Gasta,1258.2,2121.32,Ineficiente
Primavera,Alto,5,Exibicao,Inverter,Integra,723.6,826.41,Moderado
Outono,Baixo,5,Exibicao,Convencional,Integra,822.6,853.44,Eficiente
Outono,Baixo,8,Exibicao,Convencional,Gasta,1231.2,1180.05,Moderado
Inverno,Baixo,4,Exibicao,Convencional,Gasta,648.0,518.91,Moderado
Outono,Medio,3,Exibicao,Inverter,Gasta,432.0,432.02,Moderado
Inverno,Medio,4,Exibicao,Convencional,Integra,547.2,551.53,Moderado
Primavera,Baixo,7,Exibicao,Inverter,Integra,961.2,1034.09,Eficiente
Verao,Medio,3,Exibicao,Convencional,Gasta,495.0,625.18,Ineficiente
Verao,Medio,9,Exibicao,Inverter,Gasta,1240.2,1716.25,Ineficiente
Primavera,Alto,9,Armazenamento,Convencional,Integra,1218.6,1433.83,Moderado
Verao,Baixo,10,Exibicao,Convencional,Integra,1285.2,1681.44,Moderado
Primavera,Baixo,9,Exibicao,Convencional,Gasta,1407.6,1448.31,Moderado
Primavera,Medio,5,Exibicao,Convencional,Integra,682.2,723.06,Moderado
Primavera,Baixo,4,Exibicao,Inverter,Integra,543.6,502.68,Eficiente
Verao,Alto,9,Exibicao,Convencional,Integra,1371.6,2296.56,Ineficiente
Inverno,Alto,6,Exibicao,Convencional,Integra,777.6,860.45,Moderado
Primavera,Alto,8,Exibicao,Inverter,Integra,1060.2,1210.36,Moderado
Outono,Baixo,6,Armazenamento,Inverter,Gasta,756.0,772.48,Moderado
Verao,Baixo,9,Armazenamento,Convencional,Integra,1074.6,1419.08,Moderado
Primavera,Baixo,10,Exibicao,Convencional,Gasta,1548.0,1570.83,Moderado
Primavera,Baixo,8,Exibicao,Convencional,Gasta,1197.0,1176.89,Moderado
Outono,Baixo,7,Exibicao,Convencional,Gasta,1062.0,1076.28,Moderado
Inverno,Alto,6,Exibicao,Convencional,Gasta,840.6,920.81,Ineficiente
Inverno,Medio,10,Armazenamento,Inverter,Integra,1195.2,1149.93,Moderado
Inverno,Alto,4,Exibicao,Convencional,Integra,624.6,728.46,Moderado
Primavera,Baixo,4,Exibicao,Convencional,Integra,630.0,589.96,Eficiente
Primavera,Alto,6,Exibicao,Convencional,Gasta,1056.6,1362.53,Ineficiente
Primavera,Baixo,9,Exibicao,Convencional,Integra,1425.6,1337.52,Eficiente
Verao,Baixo,10,Exibicao,Convencional,Gasta,1602.0,1887.14,Moderado
Outono,Alto,4,Exibicao,Convencional,Gasta,810.0,1053.5,Ineficiente
Primavera,Baixo,7,Exibicao,Convencional,Gasta,1074.6,1156.84,Moderado
Outono,Medio,3,Armazenamento,Convencional,Gasta,387.0,398.96,Moderado
Outono,Baixo,9,Exibicao,Convencional,Gasta,1249.2,1355.84,Moderado
Inverno,Medio,10,Armazenamento,Convencional,Gasta,1294.2,1171.1,Moderado
Verao,Medio,7,Exibicao,Inverter,Integra,1078.2,1455.13,Moderado
Primavera,Baixo,10,Exibicao,Convencional,Integra,1672.2,1557.99,Eficiente
Inverno,Alto,8,Exibicao,Convencional,Gasta,1386.0,1517.16,Ineficiente
Inverno,Medio,7,Exibicao,Inverter,Integra,979.2,934.49,Moderado
Primavera,Alto,9,Exibicao,Convencional,Gasta,1488.6,1855.01,Ineficiente
Outono,Medio,8,Exibicao,Inverter,Integra,1078.2,1183.3,Moderado
Inverno,Baixo,9,Armazenamento,Convencional,Integra,993.6,862.18,Eficiente
Outono,Baixo,4,Exibicao,Convencional,Gasta,651.6,660.31,Moderado
Verao,Medio,3,Exibicao,Inverter,Gasta,471.6,634.36,Ineficiente
Outono,Baixo,9,Exibicao,Convencional,Integra,1276.2,1366.15,Eficiente
Verao,Medio,9,Armazenamento,Convencional,Integra,1152.0,1638.3,Moderado
Outono,Baixo,4,Exibicao,Convencional,Integra,702.0,660.95,Eficiente
Inverno,Alto,5,Exibicao,Convencional,Integra,873.0,902.91,Moderado
Inverno,Baixo,4,Exibicao,Inverter,Integra,556.2,497.45,Eficiente
Verao,Alto,8,Armazenamento,Convencional,Gasta,979.2,1426.07,Ineficiente
Primavera,Baixo,4,Exibicao,Convencional,Integra,540.0,564.32,Eficiente
Verao,Alto,4,Exibicao,Convencional,Gasta,612.0,937.98,Ineficiente
Verao,Baixo,3,Armazenamento,Convencional,Integra,360.0,453.29,Moderado
Outono,Alto,4,Armazenamento,Convencional,Integra,453.6,547.65,Ineficiente
Outono,Medio,10,Exibicao,Convencional,Integra,1621.8,1953.71,Moderado
Verao,Medio,9,Exibicao,Convencional,Gasta,1533.6,2276.87,Ineficiente
Inverno,Alto,10,Exibicao,Convencional,Integra,1544.4,1789.04,Moderado
Outono,Baixo,3,Armazenamento,Convencional,Integra,345.6,324.04,Eficiente
Primavera,Alto,6,Exibicao,Convencional,Integra,1002.6,1345.49,Ineficiente
Outono,Baixo,5,Exibicao,Convencional,Integra,799.2,802.58,Eficiente
Outono,Medio,10,Exibicao,Inverter,Integra,1427.4,1636.02,Moderado
Primavera,Baixo,3,Armazenamento,Convencional,Gasta,423.0,399.24,Moderado
Verao,Medio,8,Exibicao,Convencional,Gasta,1267.2,1816.87,Ineficiente
Primavera,Baixo,6,Exibicao,Convencional,Integra,894.6,962.78,Eficiente
Verao,Baixo,3,Exibicao,Convencional,Gasta,567.0,675.67,Moderado
Verao,Baixo,3,Exibicao,Convencional,Gasta,513.0,607.16,Moderado
Verao,Alto,5,Armazenamento,Convencional,Integra,594.0,865.06,Ineficiente
Primavera,Alto,9,Exibicao,Convencional,Gasta,1386.0,1668.79,Ineficiente
Verao,Medio,10,Exibicao,Convencional,Gasta,1494.0,2072.96,Ineficiente
Inverno,Medio,8,Exibicao,Convencional,Gasta,1458.0,1452.92,Moderado
Primavera,Alto,7,Armazenamento,Convencional,Gasta,975.6,1177.46,Ineficiente
Inverno,Medio,10,Armazenamento,Convencional,Gasta,1272.6,1220.1,Moderado
Verao,Alto,7,Exibicao,Convencional,Gasta,1098.0,1722.63,Ineficiente
Outono,Baixo,3,Exibicao,Inverter,Gasta,399.6,382.55,Moderado
Verao,Medio,4,Exibicao,Inverter,Integra,471.6,651.21,Moderado
Inverno,Medio,8,Exibicao,Inverter,Integra,1015.2,891.2,Moderado
Inverno,Alto,6,Exibicao,Convencional,Integra,867.6,953.9,Moderado
Primavera,Medio,4,Exibicao,Convencional,Gasta,585.0,597.75,Moderado
Outono,Medio,4,Armazenamento,Convencional,Integra,513.0,590.47,Moderado
Primavera,Baixo,10,Exibicao,Inverter,Gasta,1220.4,1142.62,Moderado
Inverno,Medio,8,Exibicao,Inverter,Integra,1078.2,1106.28,Moderado
Verao,Baixo,9,Armazenamento,Convencional,Gasta,1215.0,1608.35,Ineficiente
Outono,Alto,3,Exibicao,Convencional,Integra,432.0,528.13,Ineficiente
Verao,Medio,3,Exibicao,Convencional,Integra,540.0,733.73,Moderado
Verao,Baixo,3,Exibicao,Inverter,Gasta,453.6,539.64,Moderado
Outono,Alto,3,Exibicao,Convencional,Gasta,495.0,655.43,Ineficiente
Primavera,Medio,10,Exibicao,Convencional,Integra,1582.2,1704.75,Moderado
Verao,Alto,7,Exibicao,Convencional,Gasta,1116.0,1843.14,Ineficiente
Inverno,Medio,3,Armazenamento,Convencional,Gasta,372.6,317.14,Moderado
Verao,Alto,7,Exibicao,Convencional,Gasta,1153.8,1691.11,Ineficiente
Outono,Alto,7,Exibicao,Convencional,Gasta,1062.0,1303.7,Ineficiente
Outono,Baixo,9,Exibicao,Convencional,Gasta,1506.6,1390.88,Moderado
Outono,Alto,3,Armazenamento,Inverter,Gasta,336.6,432.29,Ineficiente
Primavera,Medio,5,Exibicao,Inverter,Gasta,831.6,838.4,Moderado
Verao,Medio,6,Exibicao,Convencional,Integra,768.6,1131.81,Moderado
Primavera,Baixo,4,Exibicao,Convencional,Gasta,669.6,701.17,Moderado
Primavera,Medio,7,Armazenamento,Convencional,Integra,864.0,901.08,Moderado
Outono,Medio,8,Exibicao,Inverter,Gasta,1123.2,1234.5,Moderado
Outono,Medio,8,Exibicao,Convencional,Integra,1155.6,1262.36,Moderado
Primavera,Alto,6,Exibicao,Convencional,Integra,882.0,1158.92,Ineficiente
Verao,Alto,8,Exibicao,Convencional,Integra,1177.2,1819.31,Ineficiente
Inverno,Medio,5,Exibicao,Inverter,Integra,793.8,677.71,Moderado
Primavera,Baixo,8,Exibicao,Convencional,Integra,1108.8,1058.36,Eficiente
Verao,Alto,4,Exibicao,Convencional,Gasta,747.0,1168.95,Ineficiente
Outono,Baixo,4,Exibicao,Convencional,Integra,576.0,626.49,Eficiente
Outono,Medio,7,Exibicao,Convencional,Gasta,1080.0,1277.15,Moderado
Verao,Medio,3,Armazenamento,Convencional,Integra,360.0,466.02,Moderado
Inverno,Alto,9,Exibicao,Convencional,Gasta,1456.2,1625.92,Ineficiente
Outono,Medio,5,Armazenamento,Convencional,Gasta,603.0,720.12,Moderado
Outono,Alto,7,Exibicao,Convencional,Integra,1119.6,1278.71,Moderado
Outono,Medio,5,Armazenamento,Convencional,Integra,666.0,765.17,Moderado
Verao,Medio,3,Exibicao,Convencional,Gasta,534.6,731.04,Ineficiente
Primavera,Alto,10,Exibicao,Convencional,Integra,1609.2,2097.2,Ineficiente
Outono,Alto,8,Exibicao,Convencional,Integra,1132.2,1455.26,Ineficiente
Primavera,Alto,8,Exibicao,Convencional,Gasta,1197.0,1647.45,Ineficiente
Inverno,Medio,9,Exibicao,Convencional,Gasta,1521.0,1368.03,Moderado
Outono,Medio,3,Armazenamento,Convencional,Integra,360.0,418.53,Moderado
Outono,Baixo,7,Exibicao,Convencional,Integra,964.8,913.74,Eficiente
Inverno,Alto,9,Exibicao,Inverter,Gasta,1249.2,1321.48,Ineficiente
Outono,Medio,3,Exibicao,Convencional,Gasta,675.0,811.57,Ineficiente
Primavera,Medio,6,Armazenamento,Inverter,Integra,651.6,754.81,Moderado
Verao,Alto,4,Exibicao,Convencional,Gasta,675.0,1025.83,Ineficiente
Primavera,Baixo,9,Exibicao,Inverter,Gasta,1186.2,1210.14,Moderado
Verao,Alto,9,Armazenamento,Inverter,Integra,1069.2,1539.55,Ineficiente
Verao,Baixo,7,Exibicao,Convencional,Integra,979.2,1166.61,Moderado
Primavera,Medio,5,Armazenamento,Convencional,Integra,624.6,717.27,Moderado
Primavera,Baixo,6,Exibicao,Convencional,Gasta,792.0,800.57,Moderado
Primavera,Medio,7,Armazenamento,Convencional,Integra,873.0,956.92,Moderado
Primavera,Alto,3,Exibicao,Convencional,Gasta,585.0,763.9,Ineficiente
Inverno,Alto,3,Exibicao,Inverter,Integra,439.2,461.29,Moderado
Outono,Alto,3,Exibicao,Convencional,Integra,489.6,561.22,Moderado
Verao,Baixo,10,Exibicao,Convencional,Gasta,1560.6,1924.02,Ineficiente
Primavera,Medio,3,Exibicao,Convencional,Gasta,630.0,747.78,Moderado
Primavera,Alto,5,Armazenamento,Convencional,Integra,588.6,792.01,Ineficiente
Primavera,Alto,6,Exibicao,Convencional,Integra,1011.6,1252.52,Ineficiente
Inverno,Medio,8,Exibicao,Convencional,Gasta,1195.2,1018.12,Moderado
Primavera,Alto,4,Armazenamento,Inverter,Gasta,450.0,581.72,Ineficiente
Primavera,Medio,5,Exibicao,Convencional,Gasta,894.6,1031.61,Moderado
Primavera,Medio,5,Exibicao,Convencional,Integra,765.0,810.36,Moderado
Outono,Medio,10,Exibicao,Convencional,Integra,1353.6,1485.71,Moderado
Inverno,Medio,8,Exibicao,Convencional,Gasta,1164.6,1193.62,Moderado
Primavera,Medio,8,Exibicao,Convencional,Integra,1224.0,1369.08,Moderado
Verao,Baixo,4,Exibicao,Convencional,Gasta,675.0,817.77,Ineficiente
Verao,Alto,4,Exibicao,Convencional,Gasta,612.0,987.31,Ineficiente
Verao,Baixo,8,Exibicao,Inverter,Integra,1027.8,1203.43,Moderado
Inverno,Alto,3,Exibicao,Convencional,Integra,432.0,436.17,Moderado
Inverno,Baixo,5,Exibicao,Convencional,Gasta,747.0,684.63,Moderado
Verao,Medio,7,Exibicao,Convencional,Integra,957.6,1254.14,Moderado
Primavera,Alto,4,Exibicao,Convencional,Integra,502.2,609.97,Ineficiente
Inverno,Alto,10,Exibicao,Convencional,Gasta,1521.0,1642.57,Ineficiente
Verao,Baixo,10,Exibicao,Convencional,Integra,1416.6,1900.8,Moderado
Verao,Baixo,4,Exibicao,Convencional,Gasta,702.0,922.23,Ineficiente
Primavera,Alto,8,Exibicao,Convencional,Integra,1101.6,1267.4,Moderado
Outono,Baixo,6,Exibicao,Convencional,Gasta,1047.6,1083.4,Moderado
Inverno,Baixo,7,Exibicao,Convencional,Integra,1042.2,884.34,Eficiente
Primavera,Baixo,7,Exibicao,Convencional,Integra,1204.2,1195.6,Eficiente
Verao,Medio,4,Exibicao,Convencional,Integra,547.2,781.63,Moderado
Verao,Medio,3,Exibicao,Convencional,Integra,489.6,635.69,Moderado
Primavera,Baixo,6,Exibicao,Inverter,Gasta,795.6,866.39,Moderado
Inverno,Baixo,7,Exibicao,Inverter,Gasta,1033.2,900.27,Moderado
Outono,Medio,4,Exibicao,Inverter,Integra,511.2,549.18,Moderado
Outono,Medio,10,Exibicao,Convencional,Gasta,1447.2,1625.99,Moderado
Verao,Alto,7,Exibicao,Convencional,Integra,975.6,1453.59,Ineficiente
Inverno,Alto,9,Exibicao,Inverter,Gasta,1231.2,1352.23,Ineficiente
Outono,Medio,6,Exibicao,Convencional,Integra,810.0,812.77,Moderado
Inverno,Baixo,6,Exibicao,Convencional,Gasta,921.6,757.76,Moderado
Inverno,Baixo,9,Armazenamento,Convencional,Gasta,1236.6,1097.91,Moderado
Verao,Baixo,5,Exibicao,Convencional,Integra,714.6,943.29,Moderado
Outono,Baixo,10,Exibicao,Convencional,Integra,1414.8,1344.84,Eficiente
Primavera,Alto,9,Exibicao,Convencional,Integra,1234.8,1567.53,Ineficiente
Verao,Medio,8,Exibicao,Convencional,Integra,979.2,1356.78,Moderado
Outono,Baixo,8,Exibicao,Convencional,Gasta,1236.6,1215.05,Moderado
Outono,Alto,4,Armazenamento,Convencional,Gasta,540.0,645.2,Ineficiente
Outono,Baixo,6,Exibicao,Inverter,Integra,748.8,775.84,Eficiente
Outono,Medio,5,Exibicao,Convencional,Integra,714.6,750.68,Moderado
Outono,Alto,5,Armazenamento,Convencional,Gasta,675.0,917.09,Ineficiente
Inverno,Medio,7,Exibicao,Inverter,Gasta,948.6,893.78,Moderado
Verao,Medio,7,Exibicao,Convencional,Integra,1092.6,1612.0,Moderado
Inverno,Alto,9,Exibicao,Convencional,Gasta,1384.2,1423.39,Ineficiente
Primavera,Alto,5,Exibicao,Inverter,Gasta,646.2,861.84,Ineficiente
Outono,Alto,9,Exibicao,Convencional,Gasta,1495.8,1746.02,Ineficiente
Verao,Alto,10,Exibicao,Convencional,Gasta,1722.6,2850.99,Ineficiente
Outono,Alto,9,Exibicao,Convencional,Integra,1270.8,1566.73,Ineficiente
Verao,Alto,7,Armazenamento,Convencional,Gasta,939.6,1471.41,Ineficiente
Inverno,Alto,6,Exibicao,Convencional,Integra,1002.6,1005.64,Moderado
Verao,Baixo,9,Exibicao,Convencional,Gasta,1384.2,1567.67,Moderado
Primavera,Medio,3,Armazenamento,Convencional,Gasta,441.0,501.59,Moderado
Primavera,Alto,6,Exibicao,Convencional,Gasta,984.6,1261.32,Ineficiente
Verao,Baixo,5,Exibicao,Inverter,Gasta,768.6,980.7,Ineficiente
Verao,Baixo,5,Exibicao,Convencional,Integra,727.2,864.41,Moderado
Verao,Baixo,9,Armazenamento,Inverter,Integra,889.2,1053.66,Moderado
Verao,Medio,6,Exibicao,Inverter,Integra,781.2,1144.32,Moderado
Primavera,Alto,7,Exibicao,Convencional,Gasta,1110.6,1468.99,Ineficiente
Outono,Baixo,7,Exibicao,Convencional,Gasta,1110.6,1073.38,Moderado
Verao,Medio,8,Exibicao,Convencional,Integra,1015.2,1435.8,Moderado
Verao,Medio,5,Exibicao,Convencional,Gasta,804.6,1178.15,Ineficiente
Primavera,Medio,4,Exibicao,Convencional,Integra,585.0,692.73,Moderado
Primavera,Baixo,8,Exibicao,Convencional,Gasta,1069.2,966.13,Moderado
Inverno,Alto,7,Exibicao,Convencional,Integra,1017.0,1154.24,Moderado
Verao,Baixo,6,Exibicao,Convencional,Integra,759.6,920.14,Moderado
Inverno,Baixo,10,Exibicao,Convencional,Integra,1591.2,1405.26,Eficiente
Primavera,Alto,7,Armazenamento,Inverter,Gasta,909.0,1117.28,Ineficiente
Primavera,Alto,6,Exibicao,Convencional,Gasta,907.2,1166.21,Ineficiente
Outono,Alto,8,Exibicao,Convencional,Gasta,1269.0,1643.64,Ineficiente
Verao,Medio,5,Armazenamento,Convencional,Gasta,642.6,869.56,Ineficiente
Inverno,Alto,7,Exibicao,Convencional,Integra,925.2,993.3,Moderado
Primavera,Baixo,9,Armazenamento,Inverter,Integra,1056.6,1099.39,Eficiente
Primavera,Alto,6,Armazenamento,Convencional,Integra,729.0,914.39,Ineficiente
Inverno,Baixo,5,Exibicao,Convencional,Integra,759.6,584.42,Eficiente
Outono,Medio,10,Exibicao,Inverter,Integra,1342.8,1343.08,Moderado
Primavera,Baixo,10,Exibicao,Convencional,Gasta,1359.0,1397.25,Moderado
Verao,Baixo,4,Armazenamento,Inverter,Integra,381.6,507.28,Moderado
Primavera,Alto,6,Exibicao,Convencional,Integra,862.2,1145.4,Ineficiente
Verao,Alto,8,Exibicao,Convencional,Integra,1137.6,1727.01,Ineficiente
Inverno,Baixo,4,Exibicao,Convencional,Integra,648.0,546.4,Eficiente
Verao,Alto,4,Exibicao,Inverter,Integra,460.8,689.01,Ineficiente
Inverno,Medio,3,Exibicao,Inverter,Gasta,381.6,390.93,Moderado
Verao,Medio,7,Exibicao,Inverter,Gasta,903.6,1188.47,Ineficiente
Inverno,Alto,6,Exibicao,Inverter,Integra,853.2,899.2,Moderado
Verao,Medio,4,Exibicao,Convencional,Integra,558.0,795.52,Moderado
Outono,Alto,3,Armazenamento,Convencional,Integra,288.0,388.87,Ineficiente
Verao,Baixo,8,Exibicao,Inverter,Integra,1144.8,1305.47,Moderado
Verao,Baixo,5,Exibicao,Inverter,Integra,691.2,829.18,Moderado
Outono,Medio,9,Armazenamento,Convencional,Integra,1132.2,1264.65,Moderado
Primavera,Alto,9,Exibicao,Convencional,Integra,1479.6,1906.31,Ineficiente
Primavera,Alto,6,Exibicao,Convencional,Integra,810.0,937.01,Moderado
Verao,Medio,4,Exibicao,Convencional,Integra,579.6,823.73,Moderado
Outono,Baixo,9,Armazenamento,Convencional,Gasta,1218.6,1222.05,Moderado
Verao,Medio,7,Exibicao,Convencional,Integra,1029.6,1507.47,Moderado
Inverno,Baixo,9,Armazenamento,Inverter,Integra,997.2,800.76,Eficiente
Inverno,Alto,9,Exibicao,Inverter,Integra,1260.0,1271.07,Moderado
Verao,Baixo,9,Exibicao,Convencional,Gasta,1488.6,1959.81,Ineficiente
Primavera,Medio,10,Armazenamento,Convencional,Integra,1380.6,1581.22,Moderado
Primavera,Alto,3,Exibicao,Inverter,Gasta,399.6,531.47,Ineficiente
Verao,Medio,4,Exibicao,Convencional,Integra,714.6,1037.69,Moderado
Verao,Medio,7,Exibicao,Convencional,Gasta,1197.0,1525.19,Ineficiente
Inverno,Baixo,4,Exibicao,Convencional,Integra,547.2,444.39,Eficiente
Primavera,Medio,10,Armazenamento,Convencional,Integra,1281.6,1348.39,Moderado
Verao,Baixo,6,Exibicao,Convencional,Gasta,1080.0,1458.1,Ineficiente
Inverno,Alto,6,Armazenamento,Convencional,Gasta,702.0,750.05,Ineficiente
Primavera,Baixo,6,Armazenamento,Convencional,Gasta,822.6,759.75,Moderado
Outono,Alto,8,Exibicao,Convencional,Gasta,1182.6,1430.35,Ineficiente
Inverno,Baixo,9,Exibicao,Inverter,Gasta,1229.4,1116.22,Moderado
Primavera,Medio,8,Exibicao,Convencional,Gasta,1299.6,1527.53,Moderado
Primavera,Baixo,3,Exibicao,Inverter,Gasta,432.0,463.78,Moderado
Inverno,Baixo,6,Exibicao,Convencional,Integra,1053.0,873.86,Eficiente
Outono,Alto,10,Exibicao,Inverter,Integra,1368.0,1770.09,Ineficiente
Inverno,Medio,7,Armazenamento,Convencional,Integra,840.6,754.46,Moderado
Primavera,Baixo,4,Exibicao,Convencional,Gasta,666.0,623.95,Moderado
Verao,Medio,9,Exibicao,Convencional,Gasta,1407.6,1763.19,Ineficiente
Verao,Baixo,5,Exibicao,Convencional,Integra,786.6,929.13,Moderado
Inverno,Baixo,7,Exibicao,Convencional,Gasta,1080.0,933.91,Moderado
Primavera,Medio,9,Exibicao,Convencional,Integra,1474.2,1750.44,Moderado
Verao,Baixo,8,Armazenamento,Convencional,Gasta,981.0,1137.78,Moderado
Primavera,Medio,8,Exibicao,Convencional,Gasta,1222.2,1454.76,Moderado
Inverno,Baixo,7,Exibicao,Convencional,Integra,984.6,810.23,Eficiente
Verao,Alto,8,Exibicao,Convencional,Gasta,1443.6,2241.98,Ineficiente
Primavera,Medio,6,Armazenamento,Inverter,Integra,579.6,622.57,Moderado
Verao,Baixo,3,Exibicao,Convencional,Gasta,534.6,654.98,Ineficiente
Inverno,Baixo,4,Exibicao,Inverter,Integra,511.2,413.55,Eficiente
Primavera,Alto,3,Exibicao,Convencional,Integra,468.0,611.99,Ineficiente
Verao,Medio,9,Exibicao,Convencional,Gasta,1396.8,2019.63,Ineficiente
Inverno,Baixo,4,Armazenamento,Convencional,Integra,480.6,432.57,Eficiente
Verao,Alto,10,Exibicao,Convencional,Gasta,1422.0,2171.94,Ineficiente
Verao,Baixo,4,Armazenamento,Convencional,Gasta,471.6,617.67,Ineficiente
Outono,Medio,3,Exibicao,Convencional,Gasta,462.6,523.39,Moderado
Outono,Baixo,7,Armazenamento,Convencional,Gasta,840.6,911.63,Moderado
Inverno,Baixo,4,Armazenamento,Convencional,Integra,495.0,413.69,Eficiente
Outono,Baixo,10,Exibicao,Inverter,Integra,1198.8,1307.94,Eficiente
Inverno,Baixo,10,Exibicao,Convencional,Gasta,1425.6,1264.08,Moderado
Outono,Alto,10,Exibicao,Convencional,Integra,1621.8,2151.0,Ineficiente
Verao,Alto,3,Exibicao,Inverter,Integra,331.2,474.51,Ineficiente
Inverno,Medio,4,Exibicao,Inverter,Gasta,633.6,593.47,Moderado
Inverno,Alto,5,Exibicao,Convencional,Gasta,777.6,837.3,Ineficiente
Verao,Alto,7,Armazenamento,Convencional,Integra,1044.0,1500.42,Ineficiente
Inverno,Medio,6,Exibicao,Convencional,Integra,939.6,849.01,Moderado
Inverno,Alto,4,Exibicao,Convencional,Integra,619.2,720.72,Moderado
Outono,Alto,10,Exibicao,Convencional,Integra,1456.2,1808.99,Ineficiente
Inverno,Medio,5,Exibicao,Inverter,Gasta,756.0,666.19,Moderado
Primavera,Medio,6,Exibicao,Convencional,Integra,817.2,903.25,Moderado
Verao,Medio,6,Armazenamento,Convencional,Gasta,747.0,938.04,Ineficiente
Outono,Baixo,9,Exibicao,Inverter,Integra,1270.8,1271.48,Eficiente
Outono,Baixo,4,Exibicao,Convencional,Integra,597.6,606.81,Eficiente
Primavera,Medio,3,Armazenamento,Convencional,Gasta,315.0,337.87,Moderado
Verao,Medio,4,Exibicao,Convencional,Integra,507.6,734.52,Moderado
Verao,Medio,5,Armazenamento,Convencional,Gasta,642.6,824.13,Ineficiente
Outono,Baixo,6,Armazenamento,Convencional,Gasta,648.0,692.94,Moderado
Inverno,Baixo,4,Exibicao,Convencional,Gasta,630.0,580.5,Moderado
Outono,Alto,3,Exibicao,Convencional,Integra,432.0,492.61,Moderado
Verao,Alto,9,Exibicao,Convencional,Gasta,1308.6,2195.59,Ineficiente
Primavera,Medio,4,Exibicao,Convencional,Integra,585.0,645.71,Moderado
Outono,Baixo,7,Armazenamento,Convencional,Integra,903.6,894.71,Eficiente
Verao,Baixo,9,Armazenamento,Convencional,Integra,1206.0,1428.88,Moderado
Outono,Baixo,3,Exibicao,Inverter,Integra,381.6,376.83,Eficiente
Inverno,Medio,5,Exibicao,Inverter,Integra,595.8,606.24,Moderado
Outono,Alto,6,Exibicao,Convencional,Integra,916.2,1090.82,Moderado
Outono,Medio,4,Exibicao,Inverter,Integra,439.2,454.62,Moderado
Verao,Alto,3,Armazenamento,Convencional,Gasta,378.0,566.08,Ineficiente
Verao,Alto,9,Armazenamento,Convencional,Gasta,1236.6,1966.87,Ineficiente
Verao,Medio,7,Exibicao,Convencional,Gasta,1047.6,1562.05,Ineficiente
Outono,Alto,3,Armazenamento,Inverter,Gasta,327.6,418.58,Ineficiente
Inverno,Alto,8,Exibicao,Inverter,Gasta,1065.6,1085.5,Ineficiente
Primavera,Baixo,10,Exibicao,Convencional,Integra,1542.6,1521.29,Eficiente
Primavera,Alto,7,Exibicao,Inverter,Gasta,993.6,1225.8,Ineficiente
Verao,Medio,9,Exibicao,Inverter,Integra,1238.4,1559.27,Moderado
Verao,Medio,5,Armazenamento,Convencional,Integra,630.0,869.98,Moderado
Outono,Alto,6,Exibicao,Convencional,Gasta,862.2,1008.98,Ineficiente
Primavera,Baixo,9,Exibicao,Convencional,Gasta,1474.2,1566.38,Moderado
Verao,Baixo,10,Exibicao,Convencional,Integra,1546.2,1945.9,Moderado
Inverno,Alto,5,Exibicao,Convencional,Gasta,810.0,924.45,Ineficiente
Inverno,Alto,4,Exibicao,Convencional,Integra,648.0,754.29,Moderado
Verao,Medio,3,Armazenamento,Convencional,Gasta,399.6,597.19,Ineficiente
Verao,Alto,8,Exibicao,Convencional,Integra,1137.6,1655.35,Ineficiente
Primavera,Baixo,7,Exibicao,Convencional,Gasta,1159.2,1254.27,Moderado
Primavera,Alto,7,Exibicao,Inverter,Integra,988.2,1315.27,Ineficiente
Outono,Medio,3,Armazenamento,Convencional,Gasta,342.0,397.0,Moderado
Primavera,Medio,8,Exibicao,Convencional,Gasta,1159.2,1178.24,Moderado
Inverno,Medio,3,Armazenamento,Convencional,Gasta,423.0,372.21,Moderado
Inverno,Medio,4,Exibicao,Convencional,Gasta,657.0,671.42,Moderado
Verao,Medio,10,Exibicao,Convencional,Gasta,1447.2,1885.53,Ineficiente
Primavera,Alto,5,Exibicao,Convencional,Integra,732.6,864.89,Moderado
Outono,Alto,9,Exibicao,Convencional,Gasta,1312.2,1610.02,Ineficiente
Inverno,Alto,7,Armazenamento,Convencional,Integra,909.0,1050.19,Moderado
Inverno,Alto,4,Exibicao,Convencional,Integra,648.0,690.86,Moderado
Outono,Medio,5,Exibicao,Inverter,Gasta,664.2,790.94,Moderado
Outono,Baixo,4,Exibicao,Convencional,Integra,621.0,599.9,Eficiente
Inverno,Alto,8,Exibicao,Convencional,Gasta,1233.0,1251.76,Ineficiente
Inverno,Baixo,7,Exibicao,Convencional,Integra,1080.0,914.87,Eficiente
Outono,Alto,9,Armazenamento,Convencional,Gasta,1164.6,1499.67,Ineficiente
Inverno,Alto,3,Armazenamento,Inverter,Integra,309.6,324.73,Moderado
Verao,Baixo,3,Exibicao,Inverter,Gasta,363.6,440.07,Ineficiente
Verao,Medio,5,Exibicao,Convencional,Integra,741.6,967.13,Moderado
Outono,Alto,9,Armazenamento,Convencional,Gasta,1218.6,1469.63,Ineficiente
Primavera,Alto,10,Exibicao,Convencional,Integra,1393.2,1813.32,Ineficiente
Outono,Alto,6,Exibicao,Convencional,Gasta,997.2,1225.33,Ineficiente
Outono,Baixo,8,Exibicao,Inverter,Gasta,1080.0,991.07,Moderado
Primavera,Medio,5,Armazenamento,Convencional,Integra,684.0,702.13,Moderado
Primavera,Baixo,6,Exibicao,Convencional,Gasta,954.0,928.48,Moderado
Primavera,Baixo,4,Exibicao,Convencional,Integra,630.0,679.24,Eficiente
Verao,Medio,8,Exibicao,Inverter,Gasta,1096.2,1475.89,Ineficiente
Inverno,Baixo,4,Armazenamento,Convencional,Gasta,477.0,370.59,Moderado
Verao,Medio,10,Exibicao,Convencional,Integra,1402.2,1902.22,Moderado
Inverno,Alto,9,Armazenamento,Inverter,Integra,1033.2,1142.14,Moderado
Verao,Medio,7,Armazenamento,Inverter,Integra,799.2,1121.03,Moderado
Inverno,Alto,8,Exibicao,Convencional,Gasta,1305.0,1338.77,Ineficiente
Verao,Baixo,6,Armazenamento,Inverter,Integra,637.2,822.97,Moderado
Primavera,Baixo,10,Exibicao,Convencional,Integra,1432.8,1464.78,Eficiente
Outono,Alto,7,Exibicao,Convencional,Integra,1110.6,1311.98,Moderado
Verao,Baixo,3,Armazenamento,Inverter,Gasta,369.0,430.49,Moderado
Inverno,Medio,6,Exibicao,Convencional,Gasta,858.6,811.85,Moderado
Primavera,Alto,5,Exibicao,Inverter,Integra,640.8,831.93,Ineficiente
Verao,Baixo,3,Exibicao,Convencional,Gasta,495.0,671.51,Ineficiente
Verao,Alto,10,Armazenamento,Convencional,Integra,1146.6,1779.04,Ineficiente
Primavera,Medio,3,Armazenamento,Convencional,Gasta,405.0,469.05,Moderado
Verao,Medio,5,Exibicao,Convencional,Integra,669.6,855.39,Moderado
Outono,Baixo,8,Exibicao,Inverter,Integra,1000.8,1072.38,Eficiente
Verao,Medio,3,Exibicao,Convencional,Gasta,579.6,819.01,Ineficiente
Outono,Alto,9,Exibicao,Convencional,Integra,1234.8,1594.09,Ineficiente
Outono,Medio,6,Exibicao,Convencional,Integra,889.2,913.58,Moderado
Primavera,Alto,7,Armazenamento,Convencional,Integra,912.6,1049.03,Moderado
Verao,Alto,3,Exibicao,Convencional,Gasta,495.0,809.54,Ineficiente
Primavera,Medio,6,Exibicao,Convencional,Gasta,1197.0,1223.43,Moderado
Verao,Baixo,4,Exibicao,Inverter,Gasta,516.6,598.37,Moderado
Verao,Medio,6,Exibicao,Inverter,Gasta,873.0,1131.49,Ineficiente
Inverno,Alto,7,Armazenamento,Inverter,Integra,712.8,704.92,Moderado
Verao,Alto,6,Exibicao,Convencional,Gasta,1002.6,1616.81,Ineficiente
Primavera,Medio,5,Exibicao,Inverter,Gasta,685.8,744.86,Moderado
Outono,Baixo,10,Exibicao,Inverter,Integra,1360.8,1296.92,Eficiente
Verao,Baixo,7,Armazenamento,Inverter,Gasta,921.6,1136.15,Ineficiente
Inverno,Alto,10,Exibicao,Convencional,Integra,1281.6,1462.57,Moderado
Primavera,Alto,8,Exibicao,Convencional,Gasta,1236.6,1684.87,Ineficiente
Verao,Baixo,10,Exibicao,Convencional,Integra,1294.2,1609.86,Moderado
Primavera,Medio,4,Exibicao,Convencional,Gasta,624.6,697.38,Moderado
Inverno,Alto,5,Armazenamento,Convencional,Gasta,801.0,818.2,Ineficiente
Inverno,Alto,8,Exibicao,Convencional,Gasta,1254.6,1347.16,Ineficiente
Primavera,Baixo,6,Armazenamento,Convencional,Gasta,660.6,690.09,Moderado
Verao,Medio,7,Armazenamento,Convencional,Integra,822.6,1131.95,Moderado
Outono,Baixo,4,Exibicao,Convencional,Integra,642.6,616.83,Eficiente
Inverno,Medio,5,Exibicao,Convencional,Gasta,837.0,796.63,Moderado
Verao,Medio,8,Exibicao,Convencional,Gasta,1164.6,1741.51,Ineficiente
Verao,Medio,8,Exibicao,Convencional,Integra,1134.0,1678.29,Moderado
Outono,Alto,4,Armazenamento,Convencional,Gasta,513.0,679.53,Ineficiente
Inverno,Baixo,9,Exibicao,Convencional,Gasta,1449.0,1176.2,Moderado
Inverno,Baixo,6,Exibicao,Convencional,Gasta,817.2,658.78,Moderado
Verao,Medio,4,Exibicao,Convencional,Integra,561.6,823.86,Moderado
Verao,Alto,8,Exibicao,Convencional,Gasta,1389.6,2055.77,Ineficiente
Outono,Alto,3,Exibicao,Convencional,Integra,489.6,629.31,Ineficiente
Outono,Baixo,5,Exibicao,Convencional,Gasta,714.6,704.52,Moderado
Inverno,Alto,4,Exibicao,Convencional,Integra,642.6,684.03,Moderado
Primavera,Alto,9,Exibicao,Inverter,Gasta,1348.2,1684.02,Ineficiente
Inverno,Medio,8,Exibicao,Convencional,Integra,1170.0,1179.96,Moderado
Verao,Alto,6,Exibicao,Convencional,Gasta,1056.6,1533.26,Ineficiente
Inverno,Medio,10,Armazenamento,Convencional,Gasta,1395.0,1377.73,Moderado
Primavera,Baixo,8,Exibicao,Convencional,Gasta,1305.0,1384.8,Moderado
Outono,Alto,6,Exibicao,Convencional,Gasta,963.0,1315.74,Ineficiente
Primavera,Baixo,4,Exibicao,Convencional,Integra,522.0,515.99,Eficiente
Primavera,Baixo,6,Exibicao,Convencional,Integra,759.6,757.71,Eficiente
Primavera,Alto,7,Exibicao,Convencional,Integra,907.2,1243.51,Ineficiente
Outono,Alto,7,Exibicao,Convencional,Gasta,1132.2,1415.28,Ineficiente
Primavera,Baixo,7,Exibicao,Inverter,Gasta,966.6,964.84,Moderado
Primavera,Alto,9,Exibicao,Convencional,Gasta,1366.2,1666.41,Ineficiente
Primavera,Medio,9,Exibicao,Convencional,Integra,1407.6,1413.43,Moderado
Verao,Medio,3,Armazenamento,Convencional,Integra,345.6,470.21,Moderado
Primavera,Alto,9,Exibicao,Convencional,Integra,1254.6,1627.49,Ineficiente
Outono,Baixo,10,Exibicao,Convencional,Integra,1603.8,1657.67,Eficiente
Primavera,Alto,4,Exibicao,Convencional,Gasta,747.0,852.75,Ineficiente
Primavera,Alto,8,Exibicao,Inverter,Integra,1000.8,1333.32,Ineficiente
Outono,Baixo,8,Exibicao,Convencional,Integra,1276.2,1271.17,Eficiente
Primavera,Baixo,3,Exibicao,Convencional,Gasta,495.0,495.71,Moderado
Outono,Medio,9,Exibicao,Inverter,Gasta,1432.8,1718.6,Moderado
Primavera,Baixo,10,Exibicao,Convencional,Gasta,1560.6,1492.79,Moderado
Outono,Medio,6,Armazenamento,Convencional,Gasta,709.2,820.86,Moderado
Primavera,Baixo,3,Exibicao,Inverter,Gasta,516.6,522.65,Moderado
Primavera,Alto,10,Exibicao,Convencional,Integra,1513.8,1980.34,Ineficiente
Verao,Medio,6,Exibicao,Convencional,Gasta,921.6,1250.2,Ineficiente
Verao,Medio,10,Exibicao,Convencional,Gasta,1530.0,2019.86,Ineficiente
Primavera,Medio,6,Exibicao,Convencional,Integra,930.6,1035.0,Moderado
Primavera,Alto,5,Exibicao,Convencional,Integra,738.0,907.73,Ineficiente
Inverno,Alto,10,Exibicao,Convencional,Gasta,1488.6,1510.15,Ineficiente
